Model,MAE,R2
Random Forest,0.00017701442606286727,0.9999753196734363
HGB,0.0010126750863746904,0.9998221433029569
Linear Regression,0.213225664834485,0.9096794771817897
